,advertiser,store_private,ad_title,location,condition,price,ad_description,ad_id,date_of_publishing,number_of_showings
0,emad7,oglasivaca,iphone 13 midnight 128gb,Primorsko-goranska,rabljeno,500,iphone 13 midnight 128gb mobitel u kaljenom staklu i maskici od prvog dana skinuto radi slikanja. koristen kao drugi mobitel te je kao nov zdravlje baterije 90% uz mobitel ide original kutija punjac iglica za karticu..,42208154,07.12.2023.,34
1,Salvazana,oglasivaca,iphone 13 128 gb bijele boje,Grad Zagreb,rabljeno,500,iphone 13 128 gb bijele boje kao nov u orginalnom pakiranju s racunom,42189231,07.12.2023.,225
2,mobtechnix,oglasivaca,apple iphone 13 128gb midnight kao novi garancija,Istarska,rabljeno,510,prodajem navedeni uredjaj u odlicnom stanju zdravlje baterije 100% garancija do 06 2024 dodatna oprema na poklon,42219011,07.12.2023.,5
3,hrc_zg,oglasivaca,iphone 13 128gb crni,Grad Zagreb,rabljeno,560,kupljen 1.2021. u a1. super stanje jedno malo ostecenje na dnu cijelo vrijeme bio u maski baterija 91%,42168129,07.12.2023.,194
4,iconnectservis,trgovine,apple iphone 13 256gb rabljeno do 36 rata,Osječko-baranjska,rabljeno,579,iconnect servis bosutska ulica 6 31000 osijek kontakt broj 091 444 7778 radno vrijeme pon pet 09 00 17 00h sub. 09 00 13 00h uredjaj iphone 13 256gb jamstvo na uredjaj jamstvo 3 mjeseci stanje uredjaja rabljeno boja crvena zdravlje baterije 85% mreze otkljucan na sve mreze cijena za gotovinu kartica jednokratno 579 00 cijena za kartice na rate 660 00 mogucnosti placanja gotovina jednokratno karticama obrocna otplata zamjena staro za novo. mogucnost obrocne otplate karticama pbz do 12 rata american express do 24 rata diners do 36 rata otp do 12 rata erste do 12 rata slatinska banka do 12 rata agram banka do 12 rata nova hrvatska banka do 12 rata kent banka do 12 rata sve ostale informacije na 091 444 7778 facebook.com profile.php id 100091515870763 instagram.com iconnectservis www.iconnect servis.com ,42106655,07.12.2023.,129
5,iconnectservis,trgovine,apple iphone 13 128gb rabljeno do 36 rata zamjena,Osječko-baranjska,rabljeno,549,iconnect servis bosutska ulica 6 31000 osijek kontakt broj 091 444 7778 radno vrijeme pon pet 09 00 17 00h sub. 09 00 13 00h uredjaj iphone 13 128gb jamstvo na uredjaj jamstvo 3 mjeseci stanje uredjaja rabljeno boja blue zdravlje baterije 88% mreze otkljucan na sve mreze cijena za gotovinu kartica jednokratno 549 00 cijena za kartice na rate 600 00 mogucnosti placanja gotovina jednokratno karticama obrocna otplata zamjena staro za novo. mogucnost obrocne otplate karticama pbz do 12 rata american express do 24 rata diners do 36 rata otp do 12 rata erste do 12 rata slatinska banka do 12 rata agram banka do 12 rata nova hrvatska banka do 12 rata kent banka do 12 rata sve ostale informacije na 091 444 7778 facebook.com profile.php id 100091515870763 instagram.com iconnectservis www.iconnect servis.com ,40324853,07.12.2023.,2438
6,smoke9,oglasivaca,iphone 13 128gb kao nov,Grad Zagreb,rabljeno,470,prodajem iphone 13 128gb roze boje. mobitel ima samo jednu crticu na donjem dijelu kucista. ostalo besprijekorno. zdravlje baterije 89%. odjavljen icloud racun. uz mobitel dajem punjac i kabel. kontakt pozivi sms whatsapp njuskalo.,42218571,07.12.2023.,19
7,asus487,oglasivaca,iphone 13 128 gb,Sisačko-moslavačka,rabljeno,450,star 1 5 god. boja starlight. baterija 90%. vidljivi tragovi koristenja. ne saljem postom.,42218509,07.12.2023.,13
8,mobtechnix,oglasivaca,apple iphone 13 128gb midnight kao novi garancija dodatna oprema,Primorsko-goranska,rabljeno,510,prodajem navedeni uredjaj kao novi garancija do 6 2024 zdravlje baterija 100% dodatna oprema na poklon,42218476,07.12.2023.,10
9,todo17,oglasivaca,iphone 13,Grad Zagreb,rabljeno,550,prodajem iphone 13 128gb u plavoj boji midnight blue zdravlje baterije 87% mobitel ne steka i normalno radi sve tipke normalno rade ukljucujuci i tipku za stisavanje tona. uz mobitel dobijete maskicu te dva zastitna stakla za ekran. za sav dodatan info slobodno me kontaktirajte porukom na 0955190081 mobitel prodajem jer sam kupio novi,42132812,07.12.2023.,310
10,Zalagaonica Kvatrić,trgovine,iphone 13 128 gb,Grad Zagreb,rabljeno,570,rabljeno ekran ima crtica stanje 8 10 garancija do 24.05.2024. zdravlje baterije 88% 128 gb opseg isporuke mobitel kutija 2 maskice lokacija trg eugena kvaternika 2 zagreb os ios 15 dimenzije 146.7 x 71.5 x 7.7 mm tezina 174 g zaslon 6.1 xdr oled super retina 1170 x 2532 memorija ram rom ram 4 gb rom 128 gb memorijska kartica ne povezivost 2g 3g 4g 5g wifi usb 2.0 bluetooth 5.0 esim kamera glavna prednja glavna 12 mp 12 mp prednja 12 mp sl 3d procesor a15 bionic 2x3.22 4xx.x ghz baterija 3240 mah esim da,42063345,07.12.2023.,473
11,iconnectservis,trgovine,apple iphone 13 256gb rabljeno do 36 rata zamjena,Osječko-baranjska,rabljeno,580,iconnect servis bosutska ulica 6 31000 osijek kontakt broj 091 444 7778 radno vrijeme pon pet 09 00 17 00h sub. 09 00 13 00h uredjaj iphone 13 256gb jamstvo na uredjaj jamstvo 3 mjeseci stanje uredjaja rabljeno boja midnight zdravlje baterije 87% mreze otkljucan na sve mreze cijena za gotovinu kartica jednokratno 58 00 cijena za kartice na rate 660 00 mogucnosti placanja gotovina jednokratno karticama obrocna otplata zamjena staro za novo. mogucnost obrocne otplate karticama pbz do 12 rata american express do 24 rata diners do 36 rata otp do 12 rata erste do 12 rata slatinska banka do 12 rata agram banka do 12 rata nova hrvatska banka do 12 rata kent banka do 12 rata sve ostale informacije na 091 444 7778 facebook.com profile.php id 100091515870763 instagram.com iconnectservis www.iconnect servis.com ,40552126,07.12.2023.,851
12,Hallo Bing,trgovine,iphone 13 128gb racun jamstvo,Bjelovarsko-bilogorska,rabljeno,650,iphone 13 128gb plave boje top stanje baterija 100% kupljen u t mobilu 08.09.2023. karticom na rate....722 00 e gotovina.....650 00 e,42130085,07.12.2023.,106
13,Hallo Bing,trgovine,iphone 13 128 gb,Bjelovarsko-bilogorska,rabljeno,570,iphone 13 128gb odlicno stanje kaljeno staklo kutija kabel punjaca. baterija 88% karticom na rate....633 00 e gotovina.....570 00 e,42147221,07.12.2023.,59
14,Mark125,oglasivaca,iphone 13 128gb,Grad Zagreb,rabljeno,600,iphone 13 128gb ocuvan koristen godinu dana bez ogrebotina zastitno kaljeno staklo minimalo ogrebano . zdravlje baterije 94%. dodatak prozirna maskica. otkljucan na sve mreze kupljen u istyle u.,42215878,06.12.2023.,35
15,Dashh,oglasivaca,iphone 13 starlight 256 gb,Grad Zagreb,rabljeno,620,iphone 13 starlight prodajem iphone 13 starlight 256 gb. mobitel je u super stanju ocuvan i odrzavan vide se normalni tragovi koristenja. baterija 88%. mobitel dolazi uz svoje originalne papire kutiju originalni kabel za punjenje te uz mobitel poklanjam silikonsku maskicu. cijena 620 0919869610,41577497,06.12.2023.,437
16,Sandro100,oglasivaca,apple iphone 13 blue 128gb,Zagrebačka,rabljeno,550,prodajem iphone 13 blue 128 gb mobitel je kupljen u se mark trgovini u zagrebu. od prvog dana je koristen u zastitnoj maskici i sa kaljenim staklom . bez ikakvih tragova koristenja na uredjaju. zdravlje baterije je na 90%i sve na uredjaju radi bez ikakvih problema. uz uredjaj ide i original kutija sa svime sto se dobije uz kupovinu novog uredjaja u ducanu. osobno preuzimanje u zagrebu ili ga saljem i postom na trosak kupca uz prethodnu uplatu na racun. zamjene me ne zanimaju ,42215354,06.12.2023.,29
17,mokry,oglasivaca,prodajem apple iphone 13 128gb green,Grad Zagreb,rabljeno,500,prodajem mobitel iphone 13 128gb tamnozelene boje. stanje uredjaja je 10 10 mobitel od prvoga dana u zastitnoj maski i sa zastitnim staklom bez ikakvih ostecenja ili tragova koristenja. zdravlje baterije je na 97% kao sto je vidljivo na slici. ios je azuriran na verziju 17.0.3 dolazi u originalnoj kutiji sa svom pripadajucom opremom. uz mobitel poklanjam appleovu tamnozelenu silikonsku masku sa slike i nekoliko rezervnih zastitnih stakla. cijena je fiksna a zamjene me ne zanimaju. prodajem ga jer sam kupio noviji model.,41592426,06.12.2023.,1127
18,ProdajaMobitelaKastela,oglasivaca,iphone 13 128gb bijela boja top stanje novo gratis punjac ,Splitsko-dalmatinska,rabljeno,650,prodajem iphone 13 od 128gb. top stanje max ocuvan stalno nosen u maskici. koristen cca godinu dana. bijela boja radi na sve mreze. zdravlje baterije 88%. poklanjam punjac ,42163990,06.12.2023.,76
19,ProdajaMobitelaKastela,oglasivaca,iphone 13 128gb,Splitsko-dalmatinska,rabljeno,550,na prodaju iphone 13 od 128gb. stanje dobro lipo ocuvan. stalno nosen u maskici na ekranu do slikanja imao kaljeno. koristen vise od godinu dana posjedujem racun. garancija istekla. crna boja. radi na sve mreze. poklon punjac ,42133536,06.12.2023.,120
20,RI-VLADO,oglasivaca,iphone 13 bijeli 256 gb baterija 99% tvornicka garancija ,Primorsko-goranska,rabljeno,590,prodajem iphone 13 bijeli 256 gb. vrlo dobro ocuvan max koristen od strane zenske ruke nekoliko mj ali slabo zdravlje baterije je 99% jedna crtica na donjem bridu neprimjetno inace kao nov. garancija jos skoro pola godine. cijena mobitela je 590 eura. oglas iz usluge zvati na broj 091 5713 945,42183242,06.12.2023.,100
21,- Zalog Max - Otkup*Zalagaonica*Prodaja,trgovine,iphone 13 128gb. kao nov garancija r1 rate,Grad Zagreb,rabljeno,660,prodajemo rabljeni apple iphone 13 128gb. uredjaj dolazi u originalnoj kutiji s kablom napajanja i racunom. mobitel je kao nov aktiviran 27.10.2023. garanacija godinu dana od aktivacije. zdravlje baterije 100% boja midnight racun garancija da da memorija 128gb uredjaj mozete pogledati u nasoj poslovnici maksimirska 11 zagreb radno vrijeme pon pet 8 20h sub 9 15h. zm4193 zalogmax.hr navedene cijene vrijede za gotovinsko placanje. placanje karticama na rate maestro i visa kartice pbz d.d. 2 24 rate mastercard i visa premium pbz d.d. 2 24 rate mogucnost izdavanja r 1 racuna. dostava hp expressom placanje prilikom preuzimanja pouzecem kliknite na posjetite ovu njuskalo trgovinu te pogledajte nasu kompletnu ponudu ,42182319,06.12.2023.,155
22,mobprodajazg,oglasivaca,iphone 13 256 gb baterija 100%,Grad Zagreb,rabljeno,600,doslovno novo 256 gb bat 100% sve radi sve se moze isprobati dostava zg osobno moguca 600e,41614375,06.12.2023.,482
23,Daria17171010,oglasivaca,iphone 13 128gb,Zadarska,rabljeno,400,prodajem iphone 13 128gb. ima dvije male ogrebotine na rubovima ali s maskom se ne vide sve je vidljivo na fotografijama. uredjaj ispravan star godinu i 6 mjeseci. zdravlje baterije 86%,42212194,06.12.2023.,67
24,ivi-zg,oglasivaca,apple iphone 13 256gb stanje 10 10 ,Grad Zagreb,rabljeno,529,prodajem apple iphone 13 256gb u perfektnom stanju. 10 10 kutija oprema bijeli baterija 87%,42094463,06.12.2023.,259
25,Smart Doctor,trgovine,apple iphone 13 256 gb rabljeno do 36 rata,Osječko-baranjska,rabljeno,600,uredjaj apple iphone 13 256 gb stanje uredjaja rabljeno jamstvo na uredjaj 3 mj. baterija 84% pisana garancija uz svaki uredjaj mreze slobodan uredjaj cijena za gotovinu 600 00 cijena za kartice 660 00 svi rabljeni uredjaji su testirani ostecenja prikazana na slikama ukoliko postoje. garancija na polovne uredjaje moze biti tvornicka ukoliko uz uredjaj ide tvornicki racun ili 3 mjeseca garancija smart doctor servisa ukoliko uredjaj nema tvornicko jamstvo. mogucnost placanja na rate karticama erste diners do 36 rata visa premium do 12 rata u ponudi veliki izbor mobilnih telefona i dodatne opreme za mobilne telefone brzi servis mobilnih telefona brzo i efikasno rjesavamo sve probleme na mobilnim telefonima.,41890631,06.12.2023.,178
26,ann139,oglasivaca,iphone 13 midnight 128gb,Zagrebačka,rabljeno,550,prodajem navedeni uredjaj star godinu dana u odlicnom stanju. kupljen u t ht na produzenje ugovora. zdravlje baterije 96%.,41512876,06.12.2023.,217
27,paag,oglasivaca,apple iphone 13 256gb zeleni,Zadarska,rabljeno,500,prodajem navedeni uredjaj malo koristen stanje 10 10 pod garancijom garancija do 14.09.2024 bez tragova koristenja baterija 99%,42011686,06.12.2023.,323
28,SaraPaligoric,oglasivaca,prodajem iphone 13 128 gb 550 ,Splitsko-dalmatinska,rabljeno,550,prodajem iphone 13 128 gb. mobitel je kupljen 12 21. mobitel nema niti jedno ostecenje od prvog dana je bio u silikonskoj maskici koju poklanjam uz njega . uz mobitel ide apple lightning to usb cable original pakiranje. zdravlje baterije je 91%.,42012655,06.12.2023.,134
29,Rijeka-R9,oglasivaca,iphone 13 128gb green oprema ,Primorsko-goranska,rabljeno,480,rijetke zelene boje dosta dobro ocuvan 2 3 crtice po okviru samo neprimjetno u maskici kao nov sve radi odlicno nije puno koristen zdravlje baterije je 92%. 2 maskice po izboru gratis te novo kaljeno staklo za zastitu.,42187284,06.12.2023.,75
30,stipoo_zg,oglasivaca,iphone 13 crveni koristen u odlicnom stanju,Grad Zagreb,rabljeno,489,prodajem iphone 13 product red. koristen godinu i pol. ocuvan vidljivi sitniji tragovi koristenja. zdravlje baterije na 96%. uz njega kutija i kabel. moguca dostava na zapadu zagreba. 0992286665,41510326,06.12.2023.,1040
31,Ana_mm,oglasivaca,iphone 13 128gb midnight stanje top baterija 91%,Splitsko-dalmatinska,rabljeno,549,iphone 13 128gb midnight stanje top baterija 91% radi na sve mreze baterija 91% 2maske 549 0917896654,42055066,06.12.2023.,148
32,smart_8888,oglasivaca,apple iphone 13 128gb starlight i blue kao novi oprema sve mreze,Primorsko-goranska,rabljeno,499,apple iphone 13 138 gb starlight i blue kao novi zdravlja baterije 90% na oba. cijena za jedan uredjaj. moze se pruzeti u rijeci.,42052007,06.12.2023.,215
33,cammari,oglasivaca,iphone 13,Grad Zagreb,rabljeno,460,iphone 13 128gb midnight crni mobitel je u odlicnom stanju i sve ispravno radi na njemu. na ekranu je zalijepljeno zastitno staklo. otkljucan je i radi na sve mreze. zdravlje baterije je na 87%. uz mobitel ide njegova kutija i kabal od punjaca. poziv whatsup njuskalo poruke,42204541,05.12.2023.,106
34,svucak,oglasivaca,iphone 13 128 gb,Splitsko-dalmatinska,rabljeno,680,dobro ocuvan mobitel baterija u dobrom stanju. mobitel ima fusion zastitu na ekranu i pozadinskom staklu sto je bolje od klasicnih zastita jer je otpornija na udarce i stiti od ostecenja apsorbiranjem udaraca.,42077720,05.12.2023.,61
35,todo64,oglasivaca,iphone 13 128 gb,Istarska,rabljeno,500,iphone 13 bez ogrebotine u odlicnom stanju baterija 91 % uz mobitel ide i punjac. 500 eura,42203797,05.12.2023.,36
36,Minnizmajo,oglasivaca,iphone 13 128gb baterija na 93%,Splitsko-dalmatinska,rabljeno,599,mobitel je ocuvan radi na sve mreze dolazi uz racun kabel za punjenje i maskicu. baterija je na 93% vise info na 0953513552,41583043,05.12.2023.,286
37,Monika1967,oglasivaca,iphone 13 128gb,Zagrebačka,rabljeno,670,mobitel kao nov garancija do 8mjeseca vrijedi od opreme maskica i kabel novi.mogucnost stanja postom placanje pouzecem.,42170797,05.12.2023.,181
38,karin100,oglasivaca,iphone 13 128 gb plavi,Grad Zagreb,rabljeno,500,prodajem iphone 13 128gb plavi u odlicnom stanju kao nov kupljen u istyleu od prvog dana ima na sebi zastitno staklo i maskicu tako da je bez ogrebotine. star je godinu i pol. uz mobitel dolazi kutija kabel za punjenje 4 maskice i racun.,42201992,05.12.2023.,90
39,kresimirkohorta7,oglasivaca,iphone 13 128gb jamstvo do 11 2024,Osječko-baranjska,rabljeno,620,iphone 13 128gb midnight uredjaj koristen svega 6 dana kupljen u t comu 09.11.2023 cijena je zadnja i super povoljna,42201972,05.12.2023.,22
40,blueboy,oglasivaca,iphone 13 128gb,Grad Zagreb,rabljeno,500,prodajem iphone 13 128 gb dvije godine star cijelo vrijeme u zastitnoj maskici baterija na 92%,42201894,05.12.2023.,92
41,branimir01,oglasivaca,iphone 13 midnight crni 128gb,Brodsko-posavska,rabljeno,530,mobitel kupljen u 1 2022 i u odlicnom stanju je. nema ogrebotina. baterija je 85%. uz mob. ide kabel i kutija. bez zamjena,42119534,05.12.2023.,102
42,sveisvastass,oglasivaca,iphone 13 128gb bez ogrebotine crni,Zagrebačka,rabljeno,460,iphone 13 128gb odlican bez ogrebotine odlican baterija 89% stalno cuvam u maskici i zastitnim staklom 2 godine star crni komplet u kutiji,41969062,04.12.2023.,227
43,frenki1010,oglasivaca,iphone 13 128gb bijeli ,Grad Zagreb,rabljeno,600,odlicno stanje baterija 88% bijeli 128 gb bez ogrebotine star 1 5 g. zvati na 0912020185,42199857,04.12.2023.,82
44,rango12,oglasivaca,iphone 13 128gb stanje novo kratko koristen kupljen u istayla punjac,Splitsko-dalmatinska,rabljeno,650,na prodaju iphone 13 od 128gb. mobitel je u top stanju max ocuvan. stalno nosen u maskici koja je ujedno na poklon. kupljen 22.09.2023 god u istayla. garancija do 22.09.2025 god. ima produljeno jamstvo . radi na sve mreze. bila boja. poklon maskica i punjac ,42150340,04.12.2023.,53
45,rango12,oglasivaca,iphone 13 128gb stanje novo kratko koristen gratis punjac ,Splitsko-dalmatinska,rabljeno,630,stanje novo. kratko koristen kupljen 22.08.2023 god u t coma. garancija 12mj. radi na sve mreze. crna boja. poklanjam punjac ,41394314,04.12.2023.,656
46,PRODAJA/OTKUP/ZAMJENA/ZALAGAONICA *Sve na jednom mjestu MixSHOP*,trgovine,apple iphone 13 128gb red crveni top novo novoo garancija zamjena da ,Splitsko-dalmatinska,rabljeno,720, sve na jednom mjestu mixshop prodaje se apple iphone 13 mobitel 4gb ram 128gb interna memorija 6.1 inca display 4k kamera kratko koristen i gotovo ne koristen mobitel perfektno stanje kao novo novoo sva originalna oprema tvornicki otkljucan na sve mreze uvijek na stanju razne boje svi nasi uredjaji su eu europski modeli garancija na sve nase uredjaje vrsimo i zamjenu staro za novo novo za staro i sve ostale kombinacije uz dogovorenu nasu ili vasu nadoplatu kontakt telefoni tel 1 00385 95 3 666 666 zbog problema sa mrezom na ovom broju trenutno nismo u mogucnosti odgovarati na telefonske pozive ali whatsapp i viber su uvijek dostupni tel 2 00387 63 066 666 ovaj broj je dostupan za sve tel. poziv whatsapp viber web stranica www.mixshop6.com facebook stranica mixshop instagram profil mixshop ljubuski vrsimo i slanje brzom postom placanje pri preuzimanju paketa. troskove dostave je potrebno uplatiti prije samog slanja paketa kao osiguranje da ce posiljka biti preuzeta naruceni proizvod placate pri preuzimanju. za narudzbu trebate ostaviti vase ime i prezime adresu broj telefona cjelokupnu ponudu pogledajte jednim klikom na svi oglasi ove trgovine ,41386721,04.12.2023.,75
47,PRODAJA/OTKUP/ZAMJENA/ZALAGAONICA *Sve na jednom mjestu MixSHOP*,trgovine,apple iphone 13 256gb black crni top novo novoo garancija zamjena da ,Splitsko-dalmatinska,rabljeno,755, sve na jednom mjestu mixshop prodaje se apple iphone 13 mobitel 4gb ram 256gb interna memorija 6.1 inca display 4k kamera kratko koristen i gotovo ne koristen mobitel perfektno stanje kao novo novoo sva originalna oprema tvornicki otkljucan na sve mreze uvijek na stanju razne boje svi nasi uredjaji su eu europski modeli garancija na sve nase uredjaje vrsimo i zamjenu staro za novo novo za staro i sve ostale kombinacije uz dogovorenu nasu ili vasu nadoplatu kontakt telefoni tel 1 00385 95 3 666 666 zbog problema sa mrezom na ovom broju trenutno nismo u mogucnosti odgovarati na telefonske pozive ali whatsapp i viber su uvijek dostupni tel 2 00387 63 066 666 ovaj broj je dostupan za sve tel. poziv whatsapp viber web stranica www.mixshop6.com facebook stranica mixshop instagram profil mixshop ljubuski vrsimo i slanje brzom postom placanje pri preuzimanju paketa. troskove dostave je potrebno uplatiti prije samog slanja paketa kao osiguranje da ce posiljka biti preuzeta naruceni proizvod placate pri preuzimanju. za narudzbu trebate ostaviti vase ime i prezime adresu broj telefona cjelokupnu ponudu pogledajte jednim klikom na svi oglasi ove trgovine ,41386717,04.12.2023.,68
48,lukasplitjelena,oglasivaca,iphone 13 128gb midnight u odlicnom stanju bat 96%,Splitsko-dalmatinska,rabljeno,550,mobitel odlicno ocuvan baterija 96%. cijena fix,42169810,04.12.2023.,66
49,ZGpepo,oglasivaca,iphone 13 128 gb white,Grad Zagreb,rabljeno,450,prodajem apple iphone 13 128 gb bijele boje otkljucan na sve mreze. dolazi sa svojom kutijom. mobitel je u stanju novoga. zdravlje baterije je na 85%. cijena 450 091 520 5606,42192554,03.12.2023.,201
50,mbedak96,oglasivaca,prodajem iphone 13,Grad Zagreb,rabljeno,400,mobitel koristen 18 mjeseci ima par sitnih ogrebotina dolazi s kutijom i racunom jos pola godine apple jamstva. boja je product red 128gb,42191694,03.12.2023.,211
51,56cx1,oglasivaca,iphone 13 128gb,Zagrebačka,rabljeno,650,prodajem iphone 13 128gb starlight boja. uredjaj je star 2 godine i ocuvan kao nov. 88% zdravlje baterije. uz njega dolaze maskice kutija i originalni punjac. ovo je cijena sa airpods slusalicama 2. generacija . moguca kupnja i bez slusalica tada je uredjaj jeftiniji. za sva ostala dodatna pitanja nazvat na broj 091 9455 938,42188251,03.12.2023.,140
52,Drevo22,oglasivaca,iphone 13,Istarska,rabljeno,470,128gb stanje 8 10. zdravlje baterije 86%. otkljucan na sve mreze. kabel za punjenje. moguca zamjena za ps4 ps5 samsung iphone xiaomi huawei mobitel lcd ili led televizor. nadoplata po dogovoru.,42190440,03.12.2023.,62
53,KENJEIC,oglasivaca,iphone 13,Virovitičko-podravska,rabljeno,500,na prodaju iphone 13 128gb od prvog dana u masci i kaljeno staklo gore mobitel koristen manje od godinu dana posjedujem racun i kutiju baterija na 87%,42190029,03.12.2023.,40
54,jmestrovic,oglasivaca,iphone 13 128gb bijeli,Zagrebačka,rabljeno,550,prodajem iphone 13 128 gb bijeli. mobitel je dobro ocuvan. samo osobno preuzimanje u sv. ivanu zelini ili po dogovoru u zagrebu.,42129893,03.12.2023.,309
55,Marak2,oglasivaca,iphone 13 128gb,Zadarska,rabljeno,500,prodajem iphone 13 128 gb. mobitel je kupljen 10 22 u a1. mobitel od prvog dana je bio u silikonskoj maskici koju poklanjam uz njega plus 2 dodatne . uz mobitel ide apple lightning to usb c cable original pakiranje. zdravlje baterije je 91%.,42189210,03.12.2023.,46
56,SAFTER,oglasivaca,iphone bijeli 128gb,Grad Zagreb,rabljeno,550,prodajem u super stanju iphone 13 128gb,42188960,03.12.2023.,63
57,dabla93,oglasivaca,iphone 13,Grad Zagreb,rabljeno,470,iphone 13 128gb zdravlje baterije 89% na mobitelu zastitno staklo od prvog dana na rubovima kucista sitni tragovi koristenja sve ispravno uz mobitel poklon maskice i punjac. bez zamjena primopredaja ili uplata na racun prije slanja jedino dolaze u obzir.,42188305,03.12.2023.,164
58,mark1224,oglasivaca,iphone 13 128gb,Grad Zagreb,rabljeno,500,iphone 13 128gb midnight stanje odlicno zdravlje baterije 89% face id i sve ostalo radi kutija iglica kabel i maskica zamjene ne,42112452,03.12.2023.,267
59,hector1,oglasivaca,iphone 13,Grad Zagreb,rabljeno,390,star godnu i 3 mjeseca stanje 9.5 10. jedina mana je sto je ekran zamjenjen iako je stavljen sa drugog iphona greska se ne mice. uz njega dajem gumenu zastitnu masku i jos jedno dodato kaljeno staklo. punjac ne ide uz mobitel. samo zagreb,42185643,02.12.2023.,247
60,Lionel2847563,oglasivaca,iphone 13 128gb,Grad Zagreb,rabljeno,500,prodajem iphone 13 128gb dobro ocuvan bez ikakvih vecih ostecenja zdravlje baterije 87% mobitel je od prvog dana u maskici i sa kaljenim staklom na ekranu dolazi uz orginal kutiju i kabel razlog prodaje kupnja novog mobitela za sve ostale informacije zovite broj 0993433031,42182955,02.12.2023.,186
61,DUMA999,oglasivaca,iphone 13 128gb crni midnight,Grad Zagreb,rabljeno,530,prodajem iphone 13 128gb crni midnight mobitel je ucuvan u odlicnom stanju. cijelo vrijeme je koristen u kvalitetnom coveru uz mobitel dolazi punjac fast charger originalne slusalice cellularline cover crveni i kutija. battery health je na 86% dajem i 2 dugacka kabela 2m za punjenje i jedan kraci 1.2m koji je neotvoren. mobitel je iskljucivo na prodaju zamjene su iskljucene. primopredaja moguca na podrucju zagreba.,42182394,02.12.2023.,189
62,Deniso11,oglasivaca,iphone 13 128 gb green,Istarska,rabljeno,530,mobitel star godinu i pol. u zastitnoj maskici od prvog dana. 128 gb boja zelena. uz njega dolazi novi punjac i racun. zdravlje baterije 90%,41561077,02.12.2023.,263
63,Antonio1408,oglasivaca,iphone 13,Požeško-slavonska,rabljeno,450,prodaje se iphone 13 starlight 128 gb u odlicnom stanju bez ogrebotina zdravlje baterije 88%. zvati na broj 099 2601274.,42177859,01.12.2023.,112
64,Isplata123,oglasivaca,iphone 13 midnight 128gb,Splitsko-dalmatinska,rabljeno,530,od prvog dana stavljeno kaljeno staklo i maskica bez ostecenja zdravlje baterije 87%,42177465,01.12.2023.,54
65,ivorserdarevic,oglasivaca,iphone 13 baterija na 91 %,Grad Zagreb,rabljeno,590,prodajem iphone 13 bez ogrebotine plave boje 590 eura,42175695,01.12.2023.,181
66,Goldy86,oglasivaca,apple iphone 13 128gb,Varaždinska,rabljeno,550,star dve godine baterija 87% kao nov modre boje nema kutije,42169253,01.12.2023.,57
67,Karlek0419,oglasivaca,iphone 13 128gb ko nov baterija 100%,Grad Zagreb,rabljeno,730,prodajem iph 13 kao nov star 2mj baterija 100%. apple garancja dolazi uz 4 kaljena stakla brzim punjacem i maskicama ,42168547,30.11.2023.,178
68,medeni20,oglasivaca,iphone 13 128gb gratis punjac i maskica,Splitsko-dalmatinska,rabljeno,549,iphone 13 128gb gratis punjac i maskica 550 mob ima na jednoj strani malo ogrebotinu inace je ocuvan lijepa plava boja zdravlje baterije 87% uz mob kutija gratis punjac preuzimanje moguce split solin kastela sinj i okolica info 0912754444 ne odgovaram na njuskalo poruke,41649200,30.11.2023.,456
69,medeni20,oglasivaca,iphone 13 red product moguce zamjene gratis punjac i maskica,Splitsko-dalmatinska,rabljeno,549,550 mob je ocuvan garancija istekla zdravlje baterije 87% gratis punjac i maskica preuzimanje split solin kastela sinj i okolica info 0912754444 ne odgovaram na njuskalo poruke,42114151,30.11.2023.,59
70,bvalent,oglasivaca,iphone 13 128gb,Brodsko-posavska,rabljeno,540,iphone 13 128gb pink u super stanju ..kao nov...zdravlje baterije 92% sve originalno i sve ispravno face id true tone icloud i sim free orig.pakiranje i novi kabl,42164958,30.11.2023.,46
71,valesipek,oglasivaca,iphone 13 128 gb,Grad Zagreb,rabljeno,600,prodajem bijeli iphone 13 128 gb stanje baterije 88%. kutija kabel za punjnje. bez tragova koristenja stanje 10 10,41690974,30.11.2023.,615
72,PRODAJA/OTKUP/ZAMJENA/ZALAGAONICA *Sve na jednom mjestu MixSHOP*,trgovine,apple iphone 13 128gb pink rozi top novo novoo garancija zamjena da ,Splitsko-dalmatinska,rabljeno,720, sve na jednom mjestu mixshop prodaje se apple iphone 13 mobitel 4gb ram 128gb interna memorija 6.1 inca display 4k kamera kratko koristen i gotovo ne koristen mobitel perfektno stanje kao novo novoo sva originalna oprema tvornicki otkljucan na sve mreze uvijek na stanju razne boje svi nasi uredjaji su eu europski modeli garancija na sve nase uredjaje vrsimo i zamjenu staro za novo novo za staro i sve ostale kombinacije uz dogovorenu nasu ili vasu nadoplatu kontakt telefoni tel 1 00385 95 3 666 666 zbog problema sa mrezom na ovom broju trenutno nismo u mogucnosti odgovarati na telefonske pozive ali whatsapp i viber su uvijek dostupni tel 2 00387 63 066 666 ovaj broj je dostupan za sve tel. poziv whatsapp viber web stranica www.mixshop6.com facebook stranica mixshop instagram profil mixshop ljubuski vrsimo i slanje brzom postom placanje pri preuzimanju paketa. troskove dostave je potrebno uplatiti prije samog slanja paketa kao osiguranje da ce posiljka biti preuzeta naruceni proizvod placate pri preuzimanju. za narudzbu trebate ostaviti vase ime i prezime adresu broj telefona cjelokupnu ponudu pogledajte jednim klikom na svi oglasi ove trgovine ,41386719,30.11.2023.,113
73,PRODAJA/OTKUP/ZAMJENA/ZALAGAONICA *Sve na jednom mjestu MixSHOP*,trgovine,apple iphone 13 128gb green zeleni top novo novoo garancija zamjena da,Splitsko-dalmatinska,rabljeno,720, sve na jednom mjestu mixshop prodaje se apple iphone 13 mobitel 4gb ram 128gb interna memorija 6.1 inca display 4k kamera kratko koristen i gotovo ne koristen mobitel perfektno stanje kao novo novoo sva originalna oprema tvornicki otkljucan na sve mreze uvijek na stanju razne boje svi nasi uredjaji su eu europski modeli garancija na sve nase uredjaje vrsimo i zamjenu staro za novo novo za staro i sve ostale kombinacije uz dogovorenu nasu ili vasu nadoplatu kontakt telefoni tel 1 00385 95 3 666 666 zbog problema sa mrezom na ovom broju trenutno nismo u mogucnosti odgovarati na telefonske pozive ali whatsapp i viber su uvijek dostupni tel 2 00387 63 066 666 ovaj broj je dostupan za sve tel. poziv whatsapp viber web stranica www.mixshop6.com facebook stranica mixshop instagram profil mixshop ljubuski vrsimo i slanje brzom postom placanje pri preuzimanju paketa. troskove dostave je potrebno uplatiti prije samog slanja paketa kao osiguranje da ce posiljka biti preuzeta naruceni proizvod placate pri preuzimanju. za narudzbu trebate ostaviti vase ime i prezime adresu broj telefona cjelokupnu ponudu pogledajte jednim klikom na svi oglasi ove trgovine ,41386718,30.11.2023.,87
74,PRODAJA/OTKUP/ZAMJENA/ZALAGAONICA *Sve na jednom mjestu MixSHOP*,trgovine,apple iphone 13 256gb blue plavi top novo novoo garancija zamjena da ,Splitsko-dalmatinska,rabljeno,755, sve na jednom mjestu mixshop prodaje se apple iphone 13 mobitel 4gb ram 256gb interna memorija 6.1 inca display 4k kamera kratko koristen i gotovo ne koristen mobitel perfektno stanje kao novo novoo sva originalna oprema tvornicki otkljucan na sve mreze uvijek na stanju razne boje svi nasi uredjaji su eu europski modeli garancija na sve nase uredjaje vrsimo i zamjenu staro za novo novo za staro i sve ostale kombinacije uz dogovorenu nasu ili vasu nadoplatu kontakt telefoni tel 1 00385 95 3 666 666 zbog problema sa mrezom na ovom broju trenutno nismo u mogucnosti odgovarati na telefonske pozive ali whatsapp i viber su uvijek dostupni tel 2 00387 63 066 666 ovaj broj je dostupan za sve tel. poziv whatsapp viber web stranica www.mixshop6.com facebook stranica mixshop instagram profil mixshop ljubuski vrsimo i slanje brzom postom placanje pri preuzimanju paketa. troskove dostave je potrebno uplatiti prije samog slanja paketa kao osiguranje da ce posiljka biti preuzeta naruceni proizvod placate pri preuzimanju. za narudzbu trebate ostaviti vase ime i prezime adresu broj telefona cjelokupnu ponudu pogledajte jednim klikom na svi oglasi ove trgovine ,41386701,30.11.2023.,65
75,coguar,oglasivaca,iphone 13 128gb bez ogrebotine,Splitsko-dalmatinska,rabljeno,650,bez ogrebotine baterija 96% nikad padao. orginal kutija kabel mogucnost placanja na rate otp karticom kod osobnog dolaska. preferiramo da dodjete po uredjaj i osobno ga pregledate.,41920571,30.11.2023.,51
76,mind,oglasivaca,iphone 13 128 gb kao nov,Primorsko-goranska,rabljeno,500,prodajem iphone 13 128gb u odlicnom stanju kupljen u telemach ducanu. uz telefon ide i maskica sa zastitom kamera. od prvog dana zastitno staklo i maskica. resetiran na tvornicke postavke.,42134023,29.11.2023.,96
77,gudacc,oglasivaca,iphone 13 blue 128gb,Primorsko-goranska,rabljeno,550,iphone 13 u orginal pakiranju sa orginal sadrzajem. u odlicnom stanju vidljivi tragovi koristenja. kupljen u a1 u mjesecu kada je izasao. zdravlje baterije 88%. izdrzi bez problema cijeli dan. sa njim dolazi dajem usb c na lightning kabel 3 maskice sa slike.,42152277,29.11.2023.,43
78,Brko03,oglasivaca,iphone 13 starlight,Grad Zagreb,rabljeno,550,iphone 13 128 gb starlight prodajem ovo malo cudo od mobitela kupljen u 9 mjesecu 2022 tako da je garancija istekla. stanje baterije na zadnje 2 slike. mobitel dodje sa 2 maskice od toga jedna original apple kozna s magsafe om kaljenim staklom i punjacem. jedina mana je crtica mala na gornjoj strani mobitela vidi se na slikama nije ispao vec se ogrebalo u djzepu sa kljucevima. prodajem jer sam si kupio 15 pro pa mi ovaj vise nije potreban.,42147885,29.11.2023.,257
79,Mrvica1997,oglasivaca,iphone 13 midnight 256gb kutija,Grad Zagreb,rabljeno,15,prodajem kutiju od mobitela.,41662564,29.11.2023.,160
80,DC007,oglasivaca,prodajem iphone 13 black 128 gb,Grad Zagreb,rabljeno,490,hitno prodajem iphone 13 u crnoj boji sa memorijom od 128 gb. telefon je uscuvan bez ijedne ogrebotine. od prvog dana je u zastitnoj masci sa kaljenim staklom. kupljen je u istyle ducanu. racun u prilogu. baterija je na 88%. kupac se prilikom prodaje moze uvjeriti u stanje telefona ,42143931,28.11.2023.,282
81,IvanaPev,oglasivaca,iphone 13 midnight 128gb poklon maskica,Grad Zagreb,rabljeno,530,prodajem iphone 13 midnight 128gb. mobitel nema niti jedne ogrebotine od prvog dana u maskici. star je 2 godine. dolazi u originalnoj kutiji s lightning kabelom. maskicu poklanjam. zdravlje baterije 89% ne zelim zamjene ,42141386,28.11.2023.,254
82,Mihalj9,oglasivaca,iphon 13,Osječko-baranjska,rabljeno,600,iphone 13 baterija 90% 128 gb boja plava,42141013,28.11.2023.,51
83,Zalagaonica Dubrava,trgovine,iphone 13 128gb zdravlje baterije 93% r1 racun ,Grad Zagreb,rabljeno,499,prodajemo navedeni mobitel u odlicnom stanju. cijena je fiksna zamjene su iskljucene. mogucnost izdavanja r1 racuna. igrica se nalazi u poslovnici sesvete zagrebacka 20. 10360 sesvete. kontakt 091 736 7036.,42140688,28.11.2023.,313
84,Ivisa10,oglasivaca,iphone 13 128gb,Grad Zagreb,rabljeno,600,prodajem apple i phone 13 2022 128gb. mobitel je kao novi uz mobitel idu maske kabel za punjenje kao i adapter. mobitel se moze preuzeti u zagrebu i bjelovaru. za dogovore zvati na broj 097 777 1233.,42140275,28.11.2023.,249
85,Zalagaonica Karlovac,trgovine,iphone 13 128gb,Karlovačka,rabljeno,460,stanje 9 10 vidljive crtice po ekranu baterija 85% boja pink nas cjelokupni asortiman proizvoda pogledajte na www.zalagaonice.com cijena za karticno placanje 519 99 zalagaonica karlovac trznica mobitel 092 500 9000 gdje se nalazimo stari trzni centar setnica adresa trg hrvatskih branitelja 2 radno vrijeme radnim danom 8 20h subota 8 14h usluge koje pruzamo mogucnost placanja karticama erste banka pbz zagrebacka banka diners visa mastercard mogucnost izdavanja r1 racuna. mogucnost slanja gls om placanje pouzecem ili uplatom na racun rok isporuke 72h . do vrijednosti od 100 postarina 5 besplatna dostava iznad 100 zamjene po dogovoru. ne odgovaramo na sms.,42140146,28.11.2023.,132
86,mark1224,oglasivaca,iphone 13 10 10,Grad Zagreb,rabljeno,510,iphone 13 128gb starlight stanje 10 10 kao nov kaljeno staklo na ekranu zdravlje baterije 88% face id i sve ostalo radi kutija iglica i maskica zamjene ne,42139046,28.11.2023.,42
87,mark1224,oglasivaca,iphone 13 89% zdravlje baterije,Grad Zagreb,rabljeno,500,iphone 13 128gb midnight stanje odlicno zdravlje baterije 89% face id i sve ostalo radi kutija iglica i maskica zamjene ne,41891845,28.11.2023.,919
88,Zalagaonica Dubrava,trgovine,iphone 13 128gb starlight garancija r1 racun,Grad Zagreb,rabljeno,599,prodajemo navedeni uredjaj malo koristen. mobitel je bez tragova koristenja. baterija 100% memorija 128gb boja starlight jamstvo do 9.8.2024. cijena je fiksna i bez zamjena. mogucnost izdavanja r1 racuna.,42138808,28.11.2023.,267
89,tijotijo,oglasivaca,iphone 13 icloud zakljucan,Zadarska,rabljeno,300,prodajem zakljucani iphone 13 u kompletu cijena je 300 0958043713,42135458,27.11.2023.,128
90,cocinho7,oglasivaca,iphone 13,Splitsko-dalmatinska,rabljeno,550,prodajem iphone 13 ima garancije jos 6 mjeseci.,42135313,27.11.2023.,72
91,GSM4YOU,trgovine,iphone 13 256gb midnight rabljeno,Grad Zagreb,rabljeno,580,iphone 13 256 gb rabljeno boje crni sve mreze baterija 96% nacin placanja gotovina dostava osobno preuzimanje zagreb 095 393 7030 poziv sms whatsapp kliknite svi oglasi ove trgovine i pogledajte nasu kompletnu ponudu uredjaja ,41649231,27.11.2023.,239
92,28IP,oglasivaca,iphone 13 128 gb,Grad Zagreb,rabljeno,550,iphone 13 u tamnoplavoj boji midnight zdravlje baterije 85% kapacitet 128 gb mobitel je star 2 godine u dobrom stanju ocuvan sto je vidljivo na slikama dolazi s kablom za punjenje bez adaptera primopredaja na podrucju zg moguca zvati na broj 0995073492,42134301,27.11.2023.,516
93,almabr,oglasivaca,iphone 13 crni 128gb minimano koristen,Zagrebačka,rabljeno,480,prodajem iphone 13 koji je povremeno koristen kao sluzbeni telefon. dakle doslovno pozivi i whatsapp kamera povremeno. prodajem ga jer je visak. telefon je star 1god4mj. odlican kao nov bez znakova koristenja. od prvog dana je s kaljenim staklom i maskicom. uz njega dajem maskice s fotke original kutiju iglicu i naljepnicu brzi punjac. iphone je super i za poklon doslovno je kao nov.,42133309,27.11.2023.,118
94,Dragan2504,oglasivaca,iphone 13,Grad Zagreb,rabljeno,450,iphone 13 128 gb ne radi face id star 2 godine sve drugo radi savrseno baterija 85%. cijena 500 eura i nije fiksna,42133281,27.11.2023.,397
95,thriftshopcro,oglasivaca,iphone 13 128gb midnight blue,Grad Zagreb,rabljeno,549,prodajem iphone 13 128gb u plavoj boji midnight blue zdravlje baterije 92% mobitel ne steka i normalno radi sve tipke normalno rade ukljucujuci i tipku za stisavanje tona. uz mobitel dobijete original mag safe by apple masku za mobitel te ostale maskice foto earpods zicane slusalice s lighting connectorom te dva zastitna stakla za ekran. za sav dodatan info slobodno me kontaktirajte mobitel prodajem jer sam nabavila novi uredaj ,42115869,27.11.2023.,452
96,Alpha servis,trgovine,apple iphone 13 256gb rabljeno rate zamjena 2053,Osječko-baranjska,rabljeno,600,uredjaj apple iphone 13 256gb starlight stanje uredjaja rabljeno jamstvo na uredjaj jamstvo tri mjeseca originalni datum kupnje pisana garancija uz svaki uredjaj zdravlje baterije 87% mreze slobodan uredjaj cijena za gotovinu 600 00 cijena za kartice 660 00 svi rabljeni uredjaji su testirani ostecenja prikazana na slikama ukoliko postoje. garancija na polovne uredjaje moze biti tvornicka ukoliko uz uredjaj ide tvornicki racun ili 3 mjeseca garancija alpha servisa ukoliko uredjaj nema tvornicko jamstvo. mogucnost placanja na rate karticama erste pbz zagrebacka i american express do 12 rata te diners do 36 rata . u ponudi veliki izbor mobilnih telefona i dodatne opreme za mobilne telefone brzi servis mobilnih telefona brzo i efikasno rjesavamo sve probleme.,40113025,27.11.2023.,1122
97,Alpha servis,trgovine,apple iphone 13 256gb rabljeno rate zamjena 2054,Osječko-baranjska,rabljeno,600,uredjaj apple iphone 13 256gb stanje uredjaja rabljeno jamstvo na uredjaj jamstvo tri mjeseca originalni datum kupnje pisana garancija uz svaki uredjaj zdravlje baterije 88% mreze slobodan uredjaj cijena za gotovinu 600 00 cijena za kartice 660 00 svi rabljeni uredjaji su testirani ostecenja prikazana na slikama ukoliko postoje. garancija na polovne uredjaje moze biti tvornicka ukoliko uz uredjaj ide tvornicki racun ili 3 mjeseca garancija alpha servisa ukoliko uredjaj nema tvornicko jamstvo. mogucnost placanja na rate karticama erste pbz zagrebacka i american express do 12 rata te diners do 36 rata . u ponudi veliki izbor mobilnih telefona i dodatne opreme za mobilne telefone brzi servis mobilnih telefona brzo i efikasno rjesavamo sve probleme na mobilnim telefonima.,39830538,27.11.2023.,1214
98,sanfrancisko,oglasivaca,iphone 13 huawei watch gt2,Vukovarsko-srijemska,rabljeno,500,prodajem u kompletu tocnije sat je gratis osobno preuzimanje.,42128971,27.11.2023.,75
99,Ms3108,oglasivaca,iphone 13 128 gb,Splitsko-dalmatinska,rabljeno,570,mobitel ocuvan bez ogrebotine baterija 88% dolazi uz original kutiju i punjac,38087102,26.11.2023.,1066
100,V3K1C4,oglasivaca,iphone 13 256 gb bijeli,Bjelovarsko-bilogorska,rabljeno,550,prodajem iphone 13 256gb u vrlo dobrom stanju. mobitel ima tragove koristenja koristen u maskici i kaljenom staklu. sve je u potpunosti ispravno nikad nije popravljan i otkljucan je na sve mreze. uz mobitel idu kutija maskica i kabal za punjenje. zdravlje baterije iznosi 86%. cijena je 550 moguc dogovor. u zamjeni je 50 vise.,41475841,26.11.2023.,477
101,natalijah042,oglasivaca,prodajem iphone,Varaždinska,rabljeno,550,prodajem iphone 13 koji je koristen godinu dana. zdravlje baterije 90% bez tragova koristenja od prvog dana na njega je bilo stavljeno zastitno staklo. uz njega dolazi kabel za punjenje punjac i apple slusalice sa zicom kao na slici . cijena 550 eura kontakt 091 5705 141,42119318,26.11.2023.,106
102,Domagoj98765,oglasivaca,iphone 13 gratis punjac i maskica,Grad Zagreb,rabljeno,500,prodajem iphone 13 u odlicnom stanju uz mobitel ide gratis maskica i punjac za iphone zdravlje baterije na 89% molim kontakt preko whatsapp a ili preko njuskalo chat a,41982821,25.11.2023.,941
103,Mark125,oglasivaca,iphone 13 128gb,Grad Zagreb,rabljeno,650,iphone 13 128gb ocuvan koristen godinu dana bez ogrebotina zastitno kaljeno staklo minimalo ogrebano . zdravlje baterije 94%. dodatak prozirna maskica. otkljucan na sve mreze kupljen u istyle u.,42110198,24.11.2023.,367
104,antonelaobrankovic,oglasivaca,iphone 13 128 gb,Zagrebačka,rabljeno,500,prodajem iphone 13 128 gb mobitel je star 2 godine ali maksimalno ocuvan.kapacitet baterije je 85%. uz mobitel dolazi kabel adapter i 4 maskice ako kupac zeli prije par dana je stavljeno i novo zastitno staklo.,42109992,24.11.2023.,412
105,kagi,oglasivaca,iphone 13 blue 128 gb,Istarska,rabljeno,550,prodajem iphone 13 kupljen u t mobile u u 03.05.2022. boja blue memorija 128 gb kapacitet baterije 91% u kutiji kabel za punjenje usb lightning dodatci apple original magsafe maska obicna maska stanje odlicno bez zamjena ,41777373,24.11.2023.,271
106,yungbessi,oglasivaca,iphone 13 128gb savrseno ocuvan,Primorsko-goranska,rabljeno,500,prodajem savrseno ocuvani iphone 13 od prvog dana koristenja je u maskici i ima zastitno staklo tako da je staklo prakticki netaknuto i bez ogrebotina. uredjaj je kao nov dolazi sa kutijom a uz njega dajem i originalni usb c lightning kabel za brzo punjenje kao i 3 maskice na poklon. zdravlje baterije je 88%. kontakt 0919033353,42107998,24.11.2023.,126
107,shopiko,oglasivaca,iphone 13 256 gb,Grad Zagreb,rabljeno,570,prodajem navedeni uredjaj. super stanje promjenjen ekran. zastitno staklo maskica i punjac uz uredjaj. radi bez greske. baterija 90% moguca dostava na podrucju zagreba.,42107187,24.11.2023.,74
108,Borna0105,oglasivaca,iphone 13 128gb,Brodsko-posavska,rabljeno,530,mobitel dolazi u kutiji i s punjacem baterija je 85 % osim toga mobitel je u odlicnom stanju bez ijedne ogrebotine za vise info javite se u inbox.,42102169,24.11.2023.,88
109,Macri23,oglasivaca,iphone 13 blue 128gb gratis 2 maskice,Grad Zagreb,rabljeno,650,prodaje se iphone 13 blue 128gb uz gratis 2 maskice. malo koristeno te u izvrsnom i ocuvanom stanju ,42085910,23.11.2023.,437
110,kov_st,oglasivaca,iphone 13 prodaja,Splitsko-dalmatinska,rabljeno,580,mobitel je u savrsenom stanju od prvog dana u zastiti koristen godinu dana prodaje se radi kupnje novijeg modela. za ostale informacije kontakt na whatsapp.,42092945,23.11.2023.,54
111,PRODAJA/OTKUP/ZAMJENA/ZALAGAONICA *Sve na jednom mjestu MixSHOP*,trgovine,apple iphone 13 256gb red crveni top novo novoo garancija zamjena da ,Splitsko-dalmatinska,rabljeno,755, sve na jednom mjestu mixshop prodaje se apple iphone 13 mobitel 4gb ram 256gb interna memorija 6.1 inca display 4k kamera kratko koristen i gotovo ne koristen mobitel perfektno stanje kao novo novoo sva originalna oprema tvornicki otkljucan na sve mreze uvijek na stanju razne boje svi nasi uredjaji su eu europski modeli garancija na sve nase uredjaje vrsimo i zamjenu staro za novo novo za staro i sve ostale kombinacije uz dogovorenu nasu ili vasu nadoplatu kontakt telefoni tel 1 00385 95 3 666 666 zbog problema sa mrezom na ovom broju trenutno nismo u mogucnosti odgovarati na telefonske pozive ali whatsapp i viber su uvijek dostupni tel 2 00387 63 066 666 ovaj broj je dostupan za sve tel. poziv whatsapp viber web stranica www.mixshop6.com facebook stranica mixshop instagram profil mixshop ljubuski vrsimo i slanje brzom postom placanje pri preuzimanju paketa. troskove dostave je potrebno uplatiti prije samog slanja paketa kao osiguranje da ce posiljka biti preuzeta naruceni proizvod placate pri preuzimanju. za narudzbu trebate ostaviti vase ime i prezime adresu broj telefona cjelokupnu ponudu pogledajte jednim klikom na svi oglasi ove trgovine ,41386702,23.11.2023.,65
112,PRODAJA/OTKUP/ZAMJENA/ZALAGAONICA *Sve na jednom mjestu MixSHOP*,trgovine,apple iphone 13 128gb black crni top novo novoo garancija zamjena da ,Splitsko-dalmatinska,rabljeno,720, sve na jednom mjestu mixshop prodaje se apple iphone 13 mobitel 4gb ram 128gb interna memorija 6.1 inca display 4k kamera kratko koristen i gotovo ne koristen mobitel perfektno stanje kao novo novoo sva originalna oprema tvornicki otkljucan na sve mreze uvijek na stanju razne boje svi nasi uredjaji su eu europski modeli garancija na sve nase uredjaje vrsimo i zamjenu staro za novo novo za staro i sve ostale kombinacije uz dogovorenu nasu ili vasu nadoplatu kontakt telefoni tel 1 00385 95 3 666 666 zbog problema sa mrezom na ovom broju trenutno nismo u mogucnosti odgovarati na telefonske pozive ali whatsapp i viber su uvijek dostupni tel 2 00387 63 066 666 ovaj broj je dostupan za sve tel. poziv whatsapp viber web stranica www.mixshop6.com facebook stranica mixshop instagram profil mixshop ljubuski vrsimo i slanje brzom postom placanje pri preuzimanju paketa. troskove dostave je potrebno uplatiti prije samog slanja paketa kao osiguranje da ce posiljka biti preuzeta naruceni proizvod placate pri preuzimanju. za narudzbu trebate ostaviti vase ime i prezime adresu broj telefona cjelokupnu ponudu pogledajte jednim klikom na svi oglasi ove trgovine ,41386723,23.11.2023.,111
113,iban9,oglasivaca,iphone13 128,Splitsko-dalmatinska,rabljeno,550,prodajem navedeni mob star 10 mj kupljen u tcoma uz mob ide kutija racun punjac..zdravlje baterije 96 % ima 2 friza koja se ne primjete kad se stavi maskica ne saljem zamjena iskljucivo za jeftiniji samsung cijena 550 ,42090295,23.11.2023.,69
114,HrvojeZeta,oglasivaca,iphone 13 128gb,Osječko-baranjska,rabljeno,575,prodajem iphone 13 128 gb zdravlje baterije 95% na mobitel je aplicirano zastitno esr staklo doslovno minutu nakon vadjenja iz kutije i skidanja zastitne folije te je cijelo vrijeme koristen u original spigen masci. nema tockice na mobitelu. nikad popravavljan ili mijenjana baterija i sl. uz mobitel ide original kutija i kabl kao i maskica.,41481266,22.11.2023.,350
115,Cifica,oglasivaca,iphone 13 128gb jos 3 mj garancija,Splitsko-dalmatinska,rabljeno,580,kupljen 09.02 2023 u istyle. stanje10 10 kaljeno staklo na ekranu od prvog dana i u zastitnoj futroli. kutija kabel za punjenje 3 futrole. baterija na 96% zdravlje.,42087555,22.11.2023.,56
116,paradzikjure,oglasivaca,iphone 13,Dubrovačko-neretvanska,rabljeno,500,kontaktiranje iskljucivo preko njuskalo chata prodajem dobro ocuvan iphone 13 kupljen prije godinu dana mobitel nema nikakvih ostecenja zdravlje baterije 91% sto se vidi na slici 128 gb uz mobitel dolazi originalna kutija punjac kablo za punjenje i maskica moguca dostava,42086353,22.11.2023.,133
117,JosipaBucan,oglasivaca,iphone 13 128gb,Splitsko-dalmatinska,rabljeno,500,prodajem iphone 13 mobitel je odlican kao i prvog dana uz mobitel ide i kabel za punjenje. za vise informacija javite se porukom.,42085605,22.11.2023.,137
118,ZALAGAONICA OTKUP.HR / Zalog-Prodaja-Otkup,trgovine,iphone 13 128gb r1 rate ,Grad Zagreb,rabljeno,550,prodajemo iphone 13 128gb uredjaj je u vrlo dobrom stanju sa manjim tragovima koristenja. uredjaj ne posjeduje racun ni garanciju uredjaj dolazi u originalnoj kutiji s kabelom i zastitnom maskicom zdravlje baterije 83% boja midnight predmet mozete pogledati u nasoj trgovini u ilici 235 mogucnost placanja na rate mastercard visa rba do 12 rata te pbz maestro visa mastercard i visa premium karticama do 24 rate. navedene cijene su za gotovinsko placanje. mogucnost izdavanja r 1 racuna. dostava po cijeloj hrvatskoj u 72 sata. placanje prilikom preuzimanja. pouzecem . idealan poklon posjetite nasu njuskalo trgovinu ili posjetite www.otkup.hr zalagaonica otkup.hr ilica 78 ilica 235 takodjer posjetite nas instagram profil zalagaonica.otkup.hr i facebook otkup hr.zalog.otkup.prodaja sifra artikla c24820,42083510,22.11.2023.,467
119,Lolita_zg,oglasivaca,iphone 13 pink,Grad Zagreb,rabljeno,500,prodajem iphone 13 pink koristen godinu i pol potpuno ispravan i neostecen. razlog prodaje je kupnja novog mobitela. cijena po dogovoru.,42069794,21.11.2023.,446
120,MatijaKov_a11,oglasivaca,iphone 13 maskice,Grad Zagreb,rabljeno,10,par puta koristene prve 2 ostale 3 nisu koristene,41493230,21.11.2023.,54
121,soti,oglasivaca,iphone 13,Bjelovarsko-bilogorska,rabljeno,500,prodajem iphone 13 128 gb crni u 1 mj ce biti 2 godine starosti od prvog dana u maskici i kaljenom staklu maksimalno ovucan radi bez greske uz mobitel ide punjac i slusalice 3 maskice i kaljeno staklo gratis prodajem radi kupnje novog,42064853,21.11.2023.,47
122,Zalagaonica Zadar,trgovine,iphone 13 128gb,Zadarska,rabljeno,540,iphone 13 128gb zdravlje baterije 92% u garanciji do 7.11.2023. pink stanje 9 10 karticno placanje 600 00 4.520 70 kn gradska zalagaonica zadar www.zalagaonice.com,41765878,21.11.2023.,349
123,luuksa2,oglasivaca,iphone 13 21 maskica,Virovitičko-podravska,rabljeno,499,prodajem iphone 13 u odlicnom stanju. mobitel od prvog dana na sebi ima kaljeno staklo i maskicu. uz mobitel idu 21 maskica za mobitel novo kaljeno staklo dvije zastitne folije dva prozirna okvira oko kamere. mobitel na sebi nema niti jednu ogrebotinu. osobna primopredaja ili saljem o vas trosak. mobitel ima 128gb. za dodatne informacije ili slike javite se.,41701719,20.11.2023.,209
124,zthd1,oglasivaca,iphone 13 128gb bijeli,Grad Zagreb,rabljeno,560,prodajem bijeli iphone 13 128gb otkljucan na sve mreze u odlicnom stanju s kaljenim staklom na ekranu bez ijedne ogrebotine uz mobitel idu kutija i punjac te maskica,42054410,20.11.2023.,494
125,MobiRi Store,trgovine,iphone 13 starlight 128gb rabljeno trgovina racun r1 ,Primorsko-goranska,rabljeno,499, uredjaj iphone 13 starlight 128gb stanje 9 10 promo njuskalo cijena 499 karticna placanja 548 90 garancija 3 mj. brza dostava 24h osobno preuzimanje u poslovnici opcije placanja pouzecem gotovinski placate dostavnoj sluzbi kod preuzimanja narudzbe. po predracunu internet bankarstvom ili opcom uplatnicom kartice jednokratno i obrocno do 12 rate maestro visa mastercard 24 diners visa premium mogucnost izdavanja r 1 racuna racun se izdaje prema posebnom postupku oporezivanja marze sukladno clanku 95. stavka 4. zakona o porezu na dodanu vrijednost nn br. 73 13 . pdv je sadrzan u cijeni a obracunava se na ostvarenu marzu. pravni subjekti iznos u trosak da odbitak poreza ne vasa trgovina mobi ri store mail info mobiri.hr telefon 099 63 000 32 rijeka 51000 riva 6 robna kuca ri ,41698805,20.11.2023.,381
126,PRODAJA/OTKUP/ZAMJENA/ZALAGAONICA *Sve na jednom mjestu MixSHOP*,trgovine,apple iphone 13 256gb white bijeli top novo novoo garancija zamjena da,Splitsko-dalmatinska,rabljeno,755, sve na jednom mjestu mixshop prodaje se apple iphone 13 mobitel 4gb ram 256gb interna memorija 6.1 inca display 4k kamera kratko koristen i gotovo ne koristen mobitel perfektno stanje kao novo novoo sva originalna oprema tvornicki otkljucan na sve mreze uvijek na stanju razne boje svi nasi uredjaji su eu europski modeli garancija na sve nase uredjaje vrsimo i zamjenu staro za novo novo za staro i sve ostale kombinacije uz dogovorenu nasu ili vasu nadoplatu kontakt telefoni tel 1 00385 95 3 666 666 zbog problema sa mrezom na ovom broju trenutno nismo u mogucnosti odgovarati na telefonske pozive ali whatsapp i viber su uvijek dostupni tel 2 00387 63 066 666 ovaj broj je dostupan za sve tel. poziv whatsapp viber web stranica www.mixshop6.com facebook stranica mixshop instagram profil mixshop ljubuski vrsimo i slanje brzom postom placanje pri preuzimanju paketa. troskove dostave je potrebno uplatiti prije samog slanja paketa kao osiguranje da ce posiljka biti preuzeta naruceni proizvod placate pri preuzimanju. za narudzbu trebate ostaviti vase ime i prezime adresu broj telefona cjelokupnu ponudu pogledajte jednim klikom na svi oglasi ove trgovine ,41386716,20.11.2023.,78
127,PRODAJA/OTKUP/ZAMJENA/ZALAGAONICA *Sve na jednom mjestu MixSHOP*,trgovine,apple iphone 13 128gb blue plavi top novo novoo garancija zamjena da ,Splitsko-dalmatinska,rabljeno,720, sve na jednom mjestu mixshop prodaje se apple iphone 13 mobitel 4gb ram 128gb interna memorija 6.1 inca display 4k kamera kratko koristen i gotovo ne koristen mobitel perfektno stanje kao novo novoo sva originalna oprema tvornicki otkljucan na sve mreze uvijek na stanju razne boje svi nasi uredjaji su eu europski modeli garancija na sve nase uredjaje vrsimo i zamjenu staro za novo novo za staro i sve ostale kombinacije uz dogovorenu nasu ili vasu nadoplatu kontakt telefoni tel 1 00385 95 3 666 666 zbog problema sa mrezom na ovom broju trenutno nismo u mogucnosti odgovarati na telefonske pozive ali whatsapp i viber su uvijek dostupni tel 2 00387 63 066 666 ovaj broj je dostupan za sve tel. poziv whatsapp viber web stranica www.mixshop6.com facebook stranica mixshop instagram profil mixshop ljubuski vrsimo i slanje brzom postom placanje pri preuzimanju paketa. troskove dostave je potrebno uplatiti prije samog slanja paketa kao osiguranje da ce posiljka biti preuzeta naruceni proizvod placate pri preuzimanju. za narudzbu trebate ostaviti vase ime i prezime adresu broj telefona cjelokupnu ponudu pogledajte jednim klikom na svi oglasi ove trgovine ,41386720,20.11.2023.,73
128,PRODAJA/OTKUP/ZAMJENA/ZALAGAONICA *Sve na jednom mjestu MixSHOP*,trgovine,apple iphone 13 256gb green zeleni top novo novoo garancija zamjena da,Splitsko-dalmatinska,rabljeno,755, sve na jednom mjestu mixshop prodaje se apple iphone 13 mobitel 4gb ram 256gb interna memorija 6.1 inca display 4k kamera kratko koristen i gotovo ne koristen mobitel perfektno stanje kao novo novoo sva originalna oprema tvornicki otkljucan na sve mreze uvijek na stanju razne boje svi nasi uredjaji su eu europski modeli garancija na sve nase uredjaje vrsimo i zamjenu staro za novo novo za staro i sve ostale kombinacije uz dogovorenu nasu ili vasu nadoplatu kontakt telefoni tel 1 00385 95 3 666 666 zbog problema sa mrezom na ovom broju trenutno nismo u mogucnosti odgovarati na telefonske pozive ali whatsapp i viber su uvijek dostupni tel 2 00387 63 066 666 ovaj broj je dostupan za sve tel. poziv whatsapp viber web stranica www.mixshop6.com facebook stranica mixshop instagram profil mixshop ljubuski vrsimo i slanje brzom postom placanje pri preuzimanju paketa. troskove dostave je potrebno uplatiti prije samog slanja paketa kao osiguranje da ce posiljka biti preuzeta naruceni proizvod placate pri preuzimanju. za narudzbu trebate ostaviti vase ime i prezime adresu broj telefona cjelokupnu ponudu pogledajte jednim klikom na svi oglasi ove trgovine ,41386698,20.11.2023.,81
129,Gogi13,oglasivaca,iphone 13 256gb,Istarska,rabljeno,600,top stanje star godinu dana. otkljucan na sve mreze. 256gb. zdravlje baterije 89%. sa kutijom i kabelom za punjenje.,42050123,19.11.2023.,70
130,yuli,oglasivaca,iphone 13,Grad Zagreb,rabljeno,650,prodajem iphone 13 star 6mj stanje 10 10.. prodajem jer se ne nogu naviknuti na mob.. moze zamjena za samsung s23 mob je plavi ima kaljeno od pocetka maskice dvije na poklon original punjac ima kutiju.,42041940,18.11.2023.,536
131,ZVONIMIR543,oglasivaca,iphone 13 128gb baterija 90% star godinu dana ,Zadarska,rabljeno,550,prodaje se iphone 13 128gb starosti godinu dana te nema nikakvih greski i ostecenja. nalazi se benkovcu salanje tisak paket ili hp preuzimanje. kontakt broj 0.9.5.5.5.1.8.0.0.8.,41545018,18.11.2023.,254
132,jularic007,oglasivaca,iphone 13 128gb bijeli,Grad Zagreb,rabljeno,530,prodajem iphone 13 128gb bijeli bez znakova koristenja baterija na 87% cijelo vrijeme koristenja bio u zastitnoj maski 360stupnjeva zastite sto se vidi po prilozenim slikama. dolazi sa kutijom kablom i maskom. molim bez zamijena samo prodaja. zahvaljujem.,41691330,18.11.2023.,346
133,Rifla,oglasivaca,iphone 13 green,Zagrebačka,rabljeno,550,iphone 13 128gb tamno zeleni baterija 89 u odlicnom stanju uz njega dolaze dvije orginal magsafe maskice crvena i prozirna zamjena za 14 pro,41732338,18.11.2023.,376
134,Samuelzagorje,oglasivaca,iphone 13 93% zdravlje baterije,Varaždinska,rabljeno,600,prodajem zeleni iphone 13 128 gb. zdravlje je 93%. uz mobitel dolazi kutija kabel i maskice. moguca primopredaja u cakovcu varazdinu ili krapini.,42028654,18.11.2023.,99
135,Aplikacija_Vinkovci,trgovine,apple iphone 13 128gb 88%,Vukovarsko-srijemska,rabljeno,500,jamstvo 3 mjeseca stanje uredjaja rabljeno boja na upit opcije placanja gotovina kartice moguce placanje na rate karticama pbz erste i zagrebace banke do 12 rata navedene cijene su iskljucivo za gotovinsko placanje moguce zamjene za skuplje i jeftinije izdavanje r1 racuna zastitna stakla 7 00 uv zastitna stakla 20 00 silikonske maske 6 00 preklopne torbice 10 00 obratite nam se za vise informacija 098 423 074 facebook.com aplikacijavk instagramcom aplikacija vinkovci dostava i nacin placanja placanje pri preuzimanju pouzecem uplata preko racuna osobno preuzimanje u poslovnici u vinkovcima aplikacija vinkovci,35831688,17.11.2023.,2338
136,313ctr0n,oglasivaca,iphone 13 128gb baterija 96% ,Splitsko-dalmatinska,rabljeno,575,mobitel aktiviran 18.08.2022. garancija je istekla. zdravlje baterije 96% uz mobitel dvije maskice i punjac adapter te kutija i originalni kabel.,41726967,17.11.2023.,216
137,stelica222,oglasivaca,i phone 11 yellow 128 gb,Grad Zagreb,rabljeno,450,prodajemo iphone 11. zute boje. 128 gb 2019. apple inc na fotkama se vidi ogrebeno staklo. staklo nije mijenjano. prepustamo tu radnju novom kupcu. bez obzira na navedeno mobitel je u u top stanju. 15 4 cm 6 1 liquid retina hd zaslon s gustocom 326 piksela po incu. dvostruka kamera s iznimno sirokom rezolucijom 12 12 2 mpx. opticka stabilizacija slike smart hdr i poboljsan nocni nacin. a13 bionic super cip napajanja s naprednim strojnim ucenjem. savrsena zastita od vode ip68 vrlo pouzdan citac lica.,41754992,17.11.2023.,389
138,mladen1202,oglasivaca,iphone 13 256 gb,Primorsko-goranska,rabljeno,500,baterija 89% stanje 9 10 dolazi uz kutiju. 256 gb oglas iz usluge zvati na 099 435 1392,42010710,16.11.2023.,122
139,PRODAJA/OTKUP/ZAMJENA/ZALAGAONICA *Sve na jednom mjestu MixSHOP*,trgovine,apple iphone 13 128gb white bijeli top novo novoo garancija zamjena da,Splitsko-dalmatinska,rabljeno,720, sve na jednom mjestu mixshop prodaje se apple iphone 13 mobitel 4gb ram 128gb interna memorija 6.1 inca display 4k kamera kratko koristen i gotovo ne koristen mobitel perfektno stanje kao novo novoo sva originalna oprema tvornicki otkljucan na sve mreze uvijek na stanju razne boje svi nasi uredjaji su eu europski modeli garancija na sve nase uredjaje vrsimo i zamjenu staro za novo novo za staro i sve ostale kombinacije uz dogovorenu nasu ili vasu nadoplatu kontakt telefoni tel 1 00385 95 3 666 666 zbog problema sa mrezom na ovom broju trenutno nismo u mogucnosti odgovarati na telefonske pozive ali whatsapp i viber su uvijek dostupni tel 2 00387 63 066 666 ovaj broj je dostupan za sve tel. poziv whatsapp viber web stranica www.mixshop6.com facebook stranica mixshop instagram profil mixshop ljubuski vrsimo i slanje brzom postom placanje pri preuzimanju paketa. troskove dostave je potrebno uplatiti prije samog slanja paketa kao osiguranje da ce posiljka biti preuzeta naruceni proizvod placate pri preuzimanju. za narudzbu trebate ostaviti vase ime i prezime adresu broj telefona cjelokupnu ponudu pogledajte jednim klikom na svi oglasi ove trgovine ,41386722,16.11.2023.,82
140,PRODAJA/OTKUP/ZAMJENA/ZALAGAONICA *Sve na jednom mjestu MixSHOP*,trgovine,apple iphone 13 256gb pink rozi top novo novoo garancija zamjena da ,Splitsko-dalmatinska,rabljeno,755, sve na jednom mjestu mixshop prodaje se apple iphone 13 mobitel 4gb ram 256gb interna memorija 6.1 inca display 4k kamera kratko koristen i gotovo ne koristen mobitel perfektno stanje kao novo novoo sva originalna oprema tvornicki otkljucan na sve mreze uvijek na stanju razne boje svi nasi uredjaji su eu europski modeli garancija na sve nase uredjaje vrsimo i zamjenu staro za novo novo za staro i sve ostale kombinacije uz dogovorenu nasu ili vasu nadoplatu kontakt telefoni tel 1 00385 95 3 666 666 zbog problema sa mrezom na ovom broju trenutno nismo u mogucnosti odgovarati na telefonske pozive ali whatsapp i viber su uvijek dostupni tel 2 00387 63 066 666 ovaj broj je dostupan za sve tel. poziv whatsapp viber web stranica www.mixshop6.com facebook stranica mixshop instagram profil mixshop ljubuski vrsimo i slanje brzom postom placanje pri preuzimanju paketa. troskove dostave je potrebno uplatiti prije samog slanja paketa kao osiguranje da ce posiljka biti preuzeta naruceni proizvod placate pri preuzimanju. za narudzbu trebate ostaviti vase ime i prezime adresu broj telefona cjelokupnu ponudu pogledajte jednim klikom na svi oglasi ove trgovine ,41386700,16.11.2023.,73
141,adriano999,oglasivaca,iphone 13,Zadarska,rabljeno,520,top stanje 0989151520,42006521,16.11.2023.,102
142,Tin103,oglasivaca,iphone 13,Zagrebačka,rabljeno,540,prodajem iphone 13 rabljen u dobrom stanju. zdravlje baterije 89%,42001587,15.11.2023.,708
143,RenatoErceg7,oglasivaca,prodajem iphone 13 128gb,Grad Zagreb,rabljeno,400,prodajem modri iphone 13 od 128gb neostecen i ocuvan 80% zdravlje baterije. mobitel dolazi i sa 8 razlicitih maskica malo ostecenim sigurnosnim i zastitnim staklom ekran neostecen i punjacem.,41991832,14.11.2023.,6646
144,mzg,oglasivaca,iphone 13,Grad Zagreb,rabljeno,500,prodaje se iphone 13 koristen stanje baterije 93% 128 gb midnight blue. uz mobitel poklanjam dvije nove maske roza i prozirna kabel i nove slusalice.,41990952,14.11.2023.,841
145,niko5678,oglasivaca,iphone 128gb sve mreze,Šibensko-kninska,rabljeno,500,mobitel iphone 13 plavi. star godinu i pol dana. ne zelim zamjenu uz nadoplatu samo kupci koji zele kupiti. bio u maski i od prvog dana. original punac. uz mobitel dajem i original punjac za i struju koji se inace kupuje posebno.,41988610,14.11.2023.,82
146,Palma79,oglasivaca,iphone 13 128gb ruzicaste boje koristen,Splitsko-dalmatinska,rabljeno,600,prodajem iphone 13 128gb ruzicaste boje koristen. mobitel je zakljucan i potrebno ga je otkljucavati. na ekranu stoji poruka iphone je zakljucan na vlasnika . odlicno je ocuvan i bez ostecenja sve kao na slikama . moze posluziti i za rezervne dijelove.,41373431,13.11.2023.,330
147,Mrki_74,oglasivaca,iphone 13 128gb 93% battery health,Osječko-baranjska,rabljeno,400,prodajem iphone 13 128gb 93% battery health madeforiphone certificiriani punjac i lightning kabal kutija od moba dva zastitna stakla... mobitelu je napukao ekran u gornjem lijevom uglu ne smeta pri radu. fiksno 400eur,41719380,13.11.2023.,1134
148,BB12344,oglasivaca,iphone 13 128gb black apple care ,Grad Zagreb,rabljeno,530,iphone 13 128gb black zdravlje baterije 88% apple care dodatno osiguranje protiv krade i ostecenja do 25.04.2024. mobitel je ocuvan uz minimalne tragove koristenja ostecenja slikana detaljno na posebnim slikama uz mobitel dolazi sva oprema kabel kutija i original apple crvena silikonska maska,41970201,12.11.2023.,207
149,xyxx,oglasivaca,iphone 13 128gb,Splitsko-dalmatinska,rabljeno,635,prodajem apple iphone 13 128 gb plavi. doslovice kao nov. icloud free. sim card free slobodan uredaj . tempered glass. maskica. ostale info na mob 385958619474,41965979,12.11.2023.,48
150,ggoran2000,oglasivaca,iphone 13,Grad Zagreb,rabljeno,525,ocuvan iphone 13.128 gb. midnight blue. baterija 91 %. uz mobitel ide staklo i quad lock zastita.,41634015,11.11.2023.,1297
151,maja2498,oglasivaca,iphone 13 starlight 128gb,Grad Zagreb,rabljeno,600,prodajem iphone 13 bijeli 128gb. kupljen u studenom 2021. god preko a1 pretplate. nosen uvijek u maskici i ima kaljeno staklo od prvog dana. nema tragove koristenja te zdravlje baterije na 88%. uz mobitel ide kutija punjac te 5 6 maskica ako zelite. sve info na broj 091 498 2481,41960480,11.11.2023.,904
152,prodaja0002,oglasivaca,iphone 13 128 gb,Grad Zagreb,rabljeno,570,prodajem navedeni uredjaj koristen od kraja 5. mjeseca kao drugi telefon. garancija do 5 24 baterija 100% bez tragova koristenja kaljeno staklo i maska od 1.minute,41939896,10.11.2023.,874
153,"Ab mobile d.o.o- trgovina,gsm,elektronika,informatika,dijelovi",trgovine,apple iphone 13 128gb blue rabljen kap. bat. 86% ,Istarska,rabljeno,550,apple iphone 13 128gb blue rabljen kap. bat. 86% detaljni opis artikla dostupan na nasem webshop u https www.ab mobiteli.com mobiteli uredjaji apple iphone apple iphone 13 blue 4 128gb ,41749476,26.10.2023.,70
154,ZALAGAONICA OTKUP.HR / Zalog-Prodaja-Otkup,trgovine,iphone 13 128gb starlight bat. 100% r1 rate ,Grad Zagreb,rabljeno,650,prodajemo iphone 13 128gb starlight. uredjaj je u odlicnom stanju sa sitnim tragovima koristenja na ekranu. uredjaj dolazi u originalnoj kutiji s kabelom uredjaj je aktiviran 04.08.2023. uredjaj posjeduje garanciju 12 mjeseci od datuma aktivacije uredjaj posjeduje racun 04.08.2023. zdravlje baterije 100% boja starlight predmet mozete pogledati u nasoj trgovini u ilici 78. mogucnost placanja na rate mastercard visa rba do 12 rata te pbz maestro visa mastercard i visa premium karticama do 24 rate. navedene cijene su za gotovinsko placanje. mogucnost izdavanja r 1 racuna. dostava po cijeloj hrvatskoj u 72 sata. placanje prilikom preuzimanja. pouzecem . idealan poklon posjetite nasu njuskalo trgovinu ili posjetite www.otkup.hr zalagaonica otkup.hr ilica 78 ilica 235 takodjer posjetite nas instagram profil zalagaonica.otkup.hr i facebook otkup hr.zalog.otkup.prodaja sifra artikla b24484,41626470,11.10.2023.,391
155,ZALAGAONICA OTKUP.HR / Zalog-Prodaja-Otkup,trgovine,iphone 13 128gb r1 rate ,Grad Zagreb,rabljeno,750,prodajemo iphone 13 128gb. uredjaj je u odlicnom stanju sa minimalnim tragovima koristenja. uredjaj ne posjeduje racun i garanciju. uredjaj posjeduje kutiju te svu pripadajucu opremu. zdravlje baterije 96 % boja midnight predmet mozete pogledati u nasoj trgovini u ilici 235. mogucnost placanja na rate mastercard visa rba do 12 rata te pbz maestro visa mastecard i visa premium karticama do 24 rate. navedene cijene su za gotovinsko placanje. mogucnost izdavanja r 1 racuna. dostava po cijeloj hrvatskoj u 72 sata. placanje prilikom preuzimanja. pouzecem . idealan poklon posjetite nasu njuskalo trgovinu ili posjetite www.otkup.hr zalagaonica otkup.hr ilica 78 ilica 235 takodjer posjetite nas instagram profil zalagaonica.otkup.hr i facebook otkup hr.zalog.otkup.prodaja. sifra artikla c22533,41473317,21.09.2023.,435
156,ZALAGAONICA OTKUP.HR / Zalog-Prodaja-Otkup,trgovine,iphone 13 128gb r1 rate ,Grad Zagreb,rabljeno,630,prodajemo iphone 13 128gb. uredjaj je koristen te ima vidljive znakove koristenja. uz uredjaj dolazi racun kupljen 03.2022. . uredjaj posjeduje kutiju te svu pripadajucu opremu. zdravlje baterije 95 % predmet mozete pogledati u nasoj trgovini u ilici 235. mogucnost placanja na rate mastercard visa rba do 12 rata te pbz maestro visa mastecard i visa premium karticama do 24 rate. navedene cijene su za gotovinsko placanje. mogucnost izdavanja r 1 racuna. dostava po cijeloj hrvatskoj u 72 sata. placanje prilikom preuzimanja. pouzecem . idealan poklon posjetite nasu njuskalo trgovinu ili posjetite www.otkup.hr zalagaonica otkup.hr ilica 78 ilica 235 takodjer posjetite nas instagram profil zalagaonica.otkup.hr i facebook otkup hr.zalog.otkup.prodaja. sifra artikla c21282,39606519,14.09.2023.,1372
